picklist_041,picklist_051,picklist_061,picklist_071,picklist_081,picklist_091,picklist_101,picklist_111,picklist_121,picklist_131,picklist_141,picklist_151,picklist_161,picklist_171,picklist_181,picklist_191,picklist_201,picklist_211,picklist_221,picklist_231,picklist_241,picklist_251,picklist_261,picklist_271,picklist_281,picklist_291,picklist_301,picklist_311,picklist_321,picklist_331,picklist_341,picklist_351,picklist_361,picklist_371,picklist_381,picklist_391,picklist_401,picklist_411,picklist_421,picklist_431,picklist_441,picklist_451,picklist_461,picklist_471,picklist_481,picklist_491,picklist_501,picklist_112,picklist_113,picklist_114,picklist_115,picklist_122,picklist_123,picklist_124,picklist_125,picklist_132,picklist_133,picklist_134,picklist_135,picklist_142,picklist_143,picklist_144,picklist_145,picklist_152,picklist_153,picklist_154,picklist_155,picklist_162,picklist_163,picklist_165,picklist_172,picklist_173,picklist_174,picklist_175,picklist_182,picklist_183,picklist_185,picklist_192,picklist_193,picklist_194,picklist_195,picklist_202,picklist_203,picklist_204,picklist_205,picklist_212,picklist_213,picklist_214,picklist_215,picklist_222,picklist_223,picklist_224,picklist_225,picklist_232,picklist_233,picklist_234,picklist_235,picklist_242,picklist_243,picklist_244,picklist_245,picklist_252,picklist_253,picklist_254,picklist_255,picklist_262,picklist_263,picklist_264,picklist_265,picklist_272,picklist_273,picklist_274,picklist_275,picklist_282,picklist_283,picklist_284,picklist_285,picklist_292,picklist_293,picklist_294,picklist_295,picklist_302,picklist_303,picklist_304,picklist_305
c13,c26,c25,c23,c12,c13,c11,c11,c11,c31,c11,c24,c14,c22,c14,c26,c13,c21,c15,c12,c26,c11,c21,c22,c15,c15,c26,c32,c14,c16,c32,c11,c16,c21,c16,c16,c33,c21,c13,c13,c11,c15,c16,c26,c12,c12,c11,d14,e26,f21,g36,d11,e31,f11,g11,d12,e12,f11,g11,d23,e14,f43,g11,d34,e12,f23,g11,d11,e13,g22,d12,e16,f13,g12,d21,e25,g11,d12,e11,f23,g22,d34,e31,f12,g16,d14,e21,f15,g24,d13,e23,f31,g33,d22,e13,f13,g21,d15,e14,f11,g12,d13,e13,f26,g41,d41,e11,f12,g11,d14,e12,f31,g25,d14,e11,f11,g11,d16,e13,f11,g32,d24,e21,f14,g12
c42,c31,c26,c25,c44,c16,c31,c25,c34,c32,c31,c31,c34,c35,c24,c41,c21,c31,c22,c32,c36,c14,c22,c33,c36,c44,c32,c33,c22,c21,c41,c33,c21,c24,c25,c23,c34,c41,c14,c23,c43,c43,c24,c33,c35,c43,c15,d15,e33,f32,g44,d35,e34,f14,g14,d24,e13,f16,g12,d26,e16,f46,g12,d42,e21,f25,g12,d22,e14,g23,d23,e32,f16,g26,d24,e32,g25,d13,e12,f32,g34,d41,e36,f15,g25,d22,e22,f21,g36,d14,e25,f43,g35,d23,e21,f42,g16,d43,e21,f15,g14,d15,e43,f43,g44,d42,e12,f46,g13,d23,e36,f35,g35,d25,e13,f23,g13,d24,e23,f15,g35,d43,e32,f32,g21
c12,c35,c12,c36,c12,c21,c24,c35,c42,c46,c32,c34,c46,c44,c31,c23,c26,c33,c26,c12,c31,c45,c31,c36,c42,c15,c35,c36,c34,c32,c11,c35,c33,c25,c26,c36,c44,c42,c24,c43,c13,c44,c45,c34,c11,c16,c24,d42,e25,f32,g14,d36,e35,f16,g31,d33,e14,f34,g16,d14,e31,f12,g35,d24,e31,f26,g31,d36,e33,g25,d16,e22,f36,g31,d35,e33,g25,d11,e23,f21,g36,d15,e32,f36,g34,d32,e23,f34,g41,d42,e31,f44,g41,d41,e22,f35,g23,d13,e31,f24,g16,d12,e44,f44,g22,d11,e14,f22,g42,d11,e41,f36,g43,d35,e15,f32,g22,d33,e25,f16,g36,d12,e46,f33,g24
c16,c36,c21,c41,c15,c33,c31,c41,c14,c16,c42,c35,c25,c45,c32,c24,c32,c11,c44,c14,c12,c21,c23,c25,c44,c33,c36,c25,c43,c41,c13,c13,c41,c31,c31,c46,c46,c44,c12,c15,c16,c15,c14,c35,c13,c25,c42,d43,e34,f35,g22,d41,e46,f36,g32,d11,e25,f45,g36,d21,e36,f33,g43,d33,e41,f34,g35,d43,e11,g32,d22,e32,f12,g42,d45,e16,g32,d13,e46,f26,g41,d24,e35,f42,g44,d11,e32,f35,g13,d11,e41,f13,g45,d13,e25,f36,g43,d26,e33,f14,g33,d13,e46,f46,g46,d21,e23,f35,g44,d16,e42,f11,g44,d44,e24,f41,g36,d11,e45,f23,g13,d14,e14,f34,g26
c34,c24,c25,c11,c25,c43,c36,c44,c41,c42,c35,c12,c26,c23,c41,c32,c44,c31,c45,c31,c43,c25,c32,c32,c15,c34,c44,c36,c25,c16,c16,c21,c24,c44,c23,c13,c13,c46,c15,c22,c41,c33,c21,c44,c15,c21,c15,d16,e41,f42,g34,d46,e15,f41,g36,d21,e26,f46,g12,d11,e14,f13,g12,d35,e43,f15,g13,d46,e23,g41,d25,e33,f13,g45,d14,e21,g11,d45,e22,f45,g44,d32,e45,f16,g12,d21,e44,f46,g22,d15,e42,f16,g12,d21,e32,f44,g13,d31,e42,f31,g41,d15,e11,f13,g12,d33,e22,f22,g22,d42,e16,f16,g22,d45,e45,f43,g44,d45,e16,f36,g16,d36,e34,f23,g31
c43,c32,c34,c25,c31,c24,c45,c21,c13,c23,c21,c26,c31,c36,c12,c11,c14,c25,c21,c46,c14,c31,c15,c42,c16,c35,c12,c14,c34,c24,c35,c26,c25,c12,c45,c24,c32,c14,c26,c42,c43,c34,c41,c13,c31,c15,c21,d26,e43,f44,g42,d11,e16,f12,g15,d24,e15,f15,g32,d14,e16,f21,g15,d41,e11,f35,g16,d13,e33,g13,d36,e43,f21,g11,d32,e26,g12,d25,e34,f24,g16,d33,e16,f22,g15,d31,e13,f14,g23,d16,e11,f22,g25,d36,e35,f21,g16,d34,e15,f14,g12,d21,e15,f35,g16,d43,e32,f23,g26,d14,e32,f43,g35,d23,e12,f23,g13,d15,e32,f43,g32,d45,e35,f34,g12
c32,c42,c11,c36,c12,c25,c15,c24,c25,c46,c22,c21,c44,c15,c42,c22,c46,c34,c22,c12,c16,c14,c22,c46,c26,c14,c24,c45,c36,c32,c36,c12,c26,c26,c12,c33,c36,c16,c11,c15,c21,c43,c12,c14,c33,c25,c31,d33,e13,f22,g43,d41,e21,f13,g23,d35,e16,f25,g41,d34,e13,f36,g42,d12,e14,f32,g26,d16,e42,g16,d42,e12,f33,g14,d45,e31,g15,d26,e46,f26,g36,d33,e41,f23,g36,d34,e21,f22,g35,d22,e13,f25,g36,d44,e41,f25,g22,d36,e16,f15,g14,d22,e26,f35,g26,d22,e33,f26,g32,d15,e35,f45,g12,d33,e15,f32,g14,d22,e35,f11,g46,d12,e23,f43,g13
c34,c23,c12,c41,c14,c33,c21,c11,c33,,c34,c23,c45,c46,c43,c45,c26,c36,c34,c13,c23,c21,c32,c12,c11,c16,c33,,c26,c12,c11,c32,c34,c13,c21,c43,c13,c31,c23,c46,c22,c45,c25,c16,c12,c32,c34,d11,e16,f25,g36,d15,e45,f25,g31,d36,e23,f42,g16,d44,e24,,g12,d14,e15,f36,g33,d24,e44,g13,d11,e26,,g24,d21,e34,g35,,e33,,g21,d43,e45,f26,,d35,e26,f32,g36,d46,e23,f41,g42,d46,e31,f32,g26,d11,e25,f21,g33,d12,e31,f41,g32,d23,e42,f35,g44,d31,e42,f12,g33,d31,e33,f33,g16,d31,e43,f23,g16,d15,e33,f45,g46
c41,c24,c13,c42,c22,c13,c26,c34,c42,,c45,c33,c16,,c44,,c32,c13,c35,c16,c26,c24,,c14,c13,c33,c36,,c35,c14,c16,c41,c44,c32,c34,c21,c14,c46,c31,,c33,c46,c31,c21,c35,,c36,d15,e24,f31,g41,d32,e46,f31,g34,d25,e32,f13,g23,,e25,,g25,d15,e32,f43,g24,d33,e13,g23,d31,e44,,g34,d24,e13,,,e35,,g22,d45,e46,f35,,d11,e36,f36,g41,d21,e31,f14,g21,d43,e34,f42,g44,d13,e34,f32,g35,d15,e41,f43,g42,d45,e16,f45,g46,d32,e22,f15,g35,d33,e14,f44,g22,d45,e21,,g41,,e35,f46,g25
,c26,c33,c16,c26,c26,c32,c41,c44,,c46,,c22,,c25,,c33,c31,c42,,,c43,,c36,c21,c34,c46,,c31,c33,c33,,c31,c43,c35,c26,c25,c13,,,c41,,c33,c32,c41,,c16,d16,e32,f41,,d45,e11,f32,g45,d36,e42,f21,g41,,e42,,g32,d32,e34,,g33,d43,e45,g25,d36,,,g11,d31,e23,,,e42,,g24,,,f23,,d15,e14,f43,g46,d36,e41,f31,g24,d44,e35,f44,g11,,e41,f46,g41,d21,e16,,,d46,e22,,g16,d36,e43,f31,g42,,e16,f12,g23,,e24,,g42,,e41,f21,g42
,c33,c44,c23,c33,c42,c43,c45,,,,,,,c26,,,,c13,,,,,c45,c41,,c12,,,,c35,,c34,,c44,c33,c34,c31,,,c46,,c44,c12,c43,,c26,d32,,f44,,,e13,f34,g33,d43,e13,f43,,,,,g41,,e14,,g35,d35,,g31,d44,,,g24,d42,e41,,,e45,,g35,,,f34,,d26,e26,f32,,d45,e14,f41,g44,,e42,,g14,,e21,,g22,d23,e35,,,,e45,,g31,,,f44,g45,,e41,f16,g24,,,,g44,,e45,f32,g43
,,,c34,,,,,,,,,,,c33,,,,c15,,,,,,c45,,c34,,,,c36,,,,,,,c43,,,,,,c13,,,c21,,,,,,e16,,g42,,e41,,,,,,,,e21,,g41,d36,,g34,,,,g32,,e42,,,,,g45,,,f42,,,e36,f42,,,e22,f45,,,e44,,g32,,e34,,g25,d33,e44,,,,,,g32,,,,,,e42,f42,g35,,,,,,,f35,g45
,,,,,,,,,,,,,,c43,,,,c35,,,,,,,,,,,,,,,,,,,,,,,,,c24,,,c41,,,,,,e23,,g43,,e46,,,,,,,,e23,,g45,d41,,,,,,,,e43,,,,,,,,,,,e42,f46,,,e41,,,,,,,,,,g31,,e45,,,,,,,,,,,,e43,f43,,,,,,,,f44,g46
,,,,,,,,,,,,,,,,,,c45,,,,,,,,,,,,,,,,,,,,,,,,,c31,,,,,,,,,e44,,,,,,,,,,,,e25,,,d42,,,,,,,,,,,,,,,,,,,,,,,e43,,,,,,,,,,,,e46,,,,,,,,,,,,,f45,,,,,,,,f46,
,,,,,,,,,,,,,,,,,,c46,,,,,,,,,,,,,,,,,,,,,,,,,,,,,,,,,,,,,,,,,,,,,,e46,,,,,,,,,,,,,,,,,,,,,,,,,,,,,,,,,,,,,,,,,,,,,,,,,,,,,,,,,,,,
